{
    "name": "root",
    "gauges": {
        "MyBehavior.Policy.Entropy.mean": {
            "value": 1.9455292224884033,
            "min": 1.7990528345108032,
            "max": 1.971100926399231,
            "count": 679
        },
        "MyBehavior.Policy.Entropy.sum": {
            "value": 19815.21484375,
            "min": 3291.1455078125,
            "max": 20312.8828125,
            "count": 679
        },
        "MyBehavior.Step.mean": {
            "value": 7536615.0,
            "min": 593902.0,
            "max": 7536615.0,
            "count": 679
        },
        "MyBehavior.Step.sum": {
            "value": 7536615.0,
            "min": 593902.0,
            "max": 7536615.0,
            "count": 679
        },
        "MyBehavior.Policy.ExtrinsicValueEstimate.mean": {
            "value": -1.420628547668457,
            "min": -4.766846179962158,
            "max": 1.2719480991363525,
            "count": 679
        },
        "MyBehavior.Policy.ExtrinsicValueEstimate.sum": {
            "value": -299.75262451171875,
            "min": -977.2034912109375,
            "max": 269.6529846191406,
            "count": 679
        },
        "MyBehavior.Environment.EpisodeLength.mean": {
            "value": 161.68253968253967,
            "min": 139.1014492753623,
            "max": 199.0,
            "count": 679
        },
        "MyBehavior.Environment.EpisodeLength.sum": {
            "value": 10186.0,
            "min": 1098.0,
            "max": 10957.0,
            "count": 679
        },
        "MyBehavior.Environment.CumulativeReward.mean": {
            "value": 9.070086753084546,
            "min": -4.427706980218108,
            "max": 13.555537733861378,
            "count": 679
        },
        "MyBehavior.Environment.CumulativeReward.sum": {
            "value": 571.4154654443264,
            "min": -230.2407629713416,
            "max": 977.8990796655416,
            "count": 679
        },
        "MyBehavior.Policy.ExtrinsicReward.mean": {
            "value": 9.070086753084546,
            "min": -4.427706980218108,
            "max": 13.555537733861378,
            "count": 679
        },
        "MyBehavior.Policy.ExtrinsicReward.sum": {
            "value": 571.4154654443264,
            "min": -230.2407629713416,
            "max": 977.8990796655416,
            "count": 679
        },
        "MyBehavior.IsTraining.mean": {
            "value": 1.0,
            "min": 1.0,
            "max": 1.0,
            "count": 679
        },
        "MyBehavior.IsTraining.sum": {
            "value": 1.0,
            "min": 1.0,
            "max": 1.0,
            "count": 679
        },
        "MyBehavior.Losses.PolicyLoss.mean": {
            "value": 0.022202130282918613,
            "min": 0.013682888055033498,
            "max": 0.033222715059916176,
            "count": 675
        },
        "MyBehavior.Losses.PolicyLoss.sum": {
            "value": 0.022202130282918613,
            "min": 0.013682888055033498,
            "max": 0.033222715059916176,
            "count": 675
        },
        "MyBehavior.Losses.ValueLoss.mean": {
            "value": 1.8447872002919514,
            "min": 0.34062141527732215,
            "max": 2.5433117787043256,
            "count": 675
        },
        "MyBehavior.Losses.ValueLoss.sum": {
            "value": 1.8447872002919514,
            "min": 0.34062141527732215,
            "max": 2.5433117787043256,
            "count": 675
        },
        "MyBehavior.Policy.LearningRate.mean": {
            "value": 0.000295482859505714,
            "min": 0.000295482859505714,
            "max": 0.00029963831172056274,
            "count": 675
        },
        "MyBehavior.Policy.LearningRate.sum": {
            "value": 0.000295482859505714,
            "min": 0.000295482859505714,
            "max": 0.00029963831172056274,
            "count": 675
        },
        "MyBehavior.Policy.Epsilon.mean": {
            "value": 0.19849428599999996,
            "min": 0.19849428599999996,
            "max": 0.19987943719999998,
            "count": 675
        },
        "MyBehavior.Policy.Epsilon.sum": {
            "value": 0.19849428599999996,
            "min": 0.19849428599999996,
            "max": 0.19987943719999998,
            "count": 675
        },
        "MyBehavior.Policy.Beta.mean": {
            "value": 0.004924864871400001,
            "min": 0.004924864871400001,
            "max": 0.004993983916280001,
            "count": 675
        },
        "MyBehavior.Policy.Beta.sum": {
            "value": 0.004924864871400001,
            "min": 0.004924864871400001,
            "max": 0.004993983916280001,
            "count": 675
        }
    },
    "metadata": {
        "timer_format_version": "0.1.0",
        "start_time_seconds": "1686867632",
        "python_version": "3.10.2 (tags/v3.10.2:a58ebcc, Jan 17 2022, 14:12:15) [MSC v.1929 64 bit (AMD64)]",
        "command_line_arguments": "C:\\Users\\Tinka\\AppData\\Local\\Programs\\Python\\Python310\\Scripts\\mlagents-learn myconfiguration.yaml --num-envs=8 --env=Builds\\NewObstacles1.1.exe --run-id=NewObstacles --resume",
        "mlagents_version": "0.30.0",
        "mlagents_envs_version": "0.30.0",
        "communication_protocol_version": "1.5.0",
        "pytorch_version": "1.11.0+cu115",
        "numpy_version": "1.24.3",
        "end_time_seconds": "1686907793"
    },
    "total": 40161.270216100034,
    "count": 1,
    "self": 1.3822516000363976,
    "children": {
        "run_training.setup": {
            "total": 1.230412199976854,
            "count": 1,
            "self": 1.230412199976854
        },
        "TrainerController.start_learning": {
            "total": 40158.65755230002,
            "count": 1,
            "self": 45.35917822108604,
            "children": {
                "TrainerController._reset_env": {
                    "total": 17.35143219999736,
                    "count": 1,
                    "self": 17.35143219999736
                },
                "TrainerController.advance": {
                    "total": 40095.5446538789,
                    "count": 998318,
                    "self": 25.84094055107562,
                    "children": {
                        "env_step": {
                            "total": 37843.96105572401,
                            "count": 998318,
                            "self": 2997.4219065895886,
                            "children": {
                                "SubprocessEnvManager._take_step": {
                                    "total": 34770.768332939595,
                                    "count": 6983064,
                                    "self": 431.23472233169014,
                                    "children": {
                                        "TorchPolicy.evaluate": {
                                            "total": 34339.533610607905,
                                            "count": 6944877,
                                            "self": 34339.533610607905
                                        }
                                    }
                                },
                                "workers": {
                                    "total": 75.77081619482487,
                                    "count": 998317,
                                    "self": 0.0,
                                    "children": {
                                        "worker_root": {
                                            "total": 320907.55805228435,
                                            "count": 6983056,
                                            "is_parallel": true,
                                            "self": 298701.9758523445,
                                            "children": {
                                                "steps_from_proto": {
                                                    "total": 0.005541199934668839,